,Column Labels,,,,,,,
,Children's Clothing,,Men's Clothing,,Women's Clothing,,Total Max of Sales,Total Sum of Units
Row Labels,Max of Sales,Sum of Units,Max of Sales,Sum of Units,Max of Sales,Sum of Units,,
East,1122,2318,1054,2420,1054,3372,1122,8110
North,1088,1763,1155,1747.85854,1122,2596,1155,6106.85854
South,924,1017,1085,725,1122,1056,1122,2798
West,992,789,930,829,1023,1006,1023,2624
Grand Total,1122,5887,1155,5721.85854,1122,8030,1155,19638.85854
